catId,count,fraction,percentage
SHS,5444.5833333333085,0.26775761450444174,26.775761450444175
STEM,8993.166666666653,0.44227238451198336,44.22723845119834
Médecine,3090.1666666666674,0.15197042719910853,15.197042719910852
Arts et Lettres,2519.3333333333353,0.12389757712861905,12.389757712861906
Droit,286.7499999999996,0.014101996655847354,1.4101996655847353